Genre,Unimodal Mean,Multimodal Mean,Difference,Impact
Metal/Hard Rock,2.532967032967033,2.4368131868131866,-0.09615384615384626,Negative
Pop/Synthpop,3.0,2.1923076923076925,-0.8076923076923075,Negative
Pop/R&B,2.5549450549450547,2.6538461538461537,0.098901098901099,Slight positive
