Genre,Unimodal Audio Mean,Unimodal Covers Mean,Multimodal Mean,Difference,Impact
Metal/Hard Rock,2.532608695652174,2.1467391304347827,2.7065217391304346,0.17391304347826075,Slight positive
Pop/Synthpop,2.989130434782609,2.027173913043478,2.347826086956522,-0.6413043478260869,Negative
Pop/R&B,2.5380434782608696,2.614130434782609,2.6684782608695654,0.1304347826086958,Slight positive
