genre,model_id,relevance,novelty,satisfaction,count
Metal/Hard Rock,model1,1.9876543209876543,3.080246913580247,2.5308641975308643,162
Metal/Hard Rock,model2,2.1419753086419755,3.0864197530864197,2.185185185185185,162
Metal/Hard Rock,model3,2.549382716049383,3.271604938271605,2.7037037037037037,162
Pop/R&B,model1,1.9506172839506173,3.2160493827160495,2.580246913580247,162
Pop/R&B,model2,2.1666666666666665,3.1728395061728394,2.654320987654321,162
Pop/R&B,model3,2.3333333333333335,3.117283950617284,2.728395061728395,162
Pop/Synthpop,model1,2.4876543209876543,3.1296296296296298,3.0308641975308643,162
Pop/Synthpop,model2,1.876543209876543,2.9382716049382718,2.04320987654321,162
Pop/Synthpop,model3,2.067901234567901,2.5864197530864197,2.382716049382716,162
