Genre,Unimodal Mean,Multimodal Mean,Difference,Impact
Metal/Hard Rock,2.5308641975308643,2.4444444444444446,-0.08641975308641969,Negative
Pop/Synthpop,3.0308641975308643,2.212962962962963,-0.8179012345679015,Negative
Pop/R&B,2.580246913580247,2.691358024691358,0.11111111111111116,Slight positive
