Genre,Unimodal Audio Mean,Unimodal Covers Mean,Multimodal Mean,Difference,Impact
Metal/Hard Rock,2.532967032967033,2.159340659340659,2.7142857142857144,0.18131868131868156,Slight positive
Pop/Synthpop,3.0,2.0384615384615383,2.3461538461538463,-0.6538461538461537,Negative
Pop/R&B,2.5549450549450547,2.631868131868132,2.6758241758241756,0.1208791208791209,Slight positive
