model_id,Mean Novelty,Std Dev,Count
model1,3.170289855072464,1.5652723701588018,552
model2,3.1032608695652173,1.499615274579106,552
model3,2.9818840579710146,1.3684405265616468,552
