model_id,Mean Novelty,Std Dev,Count
model1,3.183150183150183,1.5643300184939986,546
model2,3.1172161172161172,1.4989281604773024,546
model3,2.9871794871794872,1.3659759802919003,546
