model_id,Mean Novelty,Std Dev,Count
model1,3.1419753086419755,1.5619203774099564,486
model2,3.065843621399177,1.489407966595865,486
model3,2.9917695473251027,1.3530927370396637,486
