model_id,Mean Relevance,Std Dev,Count
model1,2.114130434782609,1.2433560510598927,552
model2,2.0489130434782608,1.0690153107938123,552
model3,2.3170289855072466,1.1299582629943967,552
