model_id,Mean Relevance,Std Dev,Count
model1,2.1419753086419755,1.2328858976006174,486
model2,2.0617283950617282,1.0708394896886244,486
model3,2.316872427983539,1.111515772054934,486
