model_id,Mean Relevance,Std Dev,Count
model1,2.119047619047619,1.2438929013471545,546
model2,2.0549450549450547,1.0703267514052268,546
model3,2.3223443223443225,1.1311011110534819,546
