model_id,Mean Satisfaction,Std Dev,Count
model1,2.695970695970696,1.365049406325099,546
model2,2.2765567765567765,1.1926686803862074,546
model3,2.578754578754579,1.1755252998058292,546
