model_id,Mean Satisfaction,Std Dev,Count
model1,2.713991769547325,1.3510170708415625,486
model2,2.294238683127572,1.198731174830637,486
model3,2.6049382716049383,1.1666748486049212,486
