model_id,Mean Satisfaction,Std Dev,Count
model1,2.6865942028985508,1.3664244524353173,552
model2,2.26268115942029,1.1935331130662383,552
model3,2.574275362318841,1.1767212053759197,552
